start_station_name,date,hour,dayofweek,is_weekend,predicted_ride_count
1 Ave & E 68 St,2025-05-10,8,5,1,2.155160969234796
6 Ave & W 33 St,2025-05-10,8,5,1,4.1884758040214205
Broadway & W 58 St,2025-05-10,8,5,1,1.9427411122159202
University Pl & E 14 St,2025-05-10,8,5,1,1.9505921561151334
W 21 St & 6 Ave,2025-05-10,8,5,1,1.4013769013214505
1 Ave & E 68 St,2025-05-10,9,5,1,1.3326154657814595
6 Ave & W 33 St,2025-05-10,9,5,1,4.67653810922616
Broadway & W 58 St,2025-05-10,9,5,1,2.035303057980028
University Pl & E 14 St,2025-05-10,9,5,1,2.135578233112407
W 21 St & 6 Ave,2025-05-10,9,5,1,1.4638561364305993
1 Ave & E 68 St,2025-05-10,10,5,1,1.3423758798083272
6 Ave & W 33 St,2025-05-10,10,5,1,5.529874083696804
Broadway & W 58 St,2025-05-10,10,5,1,2.3774122360059247
University Pl & E 14 St,2025-05-10,10,5,1,1.9788693937347726
W 21 St & 6 Ave,2025-05-10,10,5,1,2.142527672196488
1 Ave & E 68 St,2025-05-10,11,5,1,1.6968183504642131
6 Ave & W 33 St,2025-05-10,11,5,1,6.9339941060677
Broadway & W 58 St,2025-05-10,11,5,1,2.2467578028226707
University Pl & E 14 St,2025-05-10,11,5,1,1.7775047976906873
W 21 St & 6 Ave,2025-05-10,11,5,1,3.1472311609735466
1 Ave & E 68 St,2025-05-10,12,5,1,3.1728265242606244
6 Ave & W 33 St,2025-05-10,12,5,1,7.644655552647104
Broadway & W 58 St,2025-05-10,12,5,1,2.7790361012916063
University Pl & E 14 St,2025-05-10,12,5,1,2.4285617655574026
W 21 St & 6 Ave,2025-05-10,12,5,1,4.895652469739757
1 Ave & E 68 St,2025-05-10,13,5,1,4.130146084263923
6 Ave & W 33 St,2025-05-10,13,5,1,7.6792574018807205
Broadway & W 58 St,2025-05-10,13,5,1,4.024201140122792
University Pl & E 14 St,2025-05-10,13,5,1,2.6475918814310253
W 21 St & 6 Ave,2025-05-10,13,5,1,5.689905365904003
1 Ave & E 68 St,2025-05-10,14,5,1,5.642648547603104
6 Ave & W 33 St,2025-05-10,14,5,1,7.580886218724804
Broadway & W 58 St,2025-05-10,14,5,1,4.983857847506289
University Pl & E 14 St,2025-05-10,14,5,1,3.5425951642393643
W 21 St & 6 Ave,2025-05-10,14,5,1,5.916972040023567
1 Ave & E 68 St,2025-05-10,15,5,1,6.053514463362881
6 Ave & W 33 St,2025-05-10,15,5,1,7.13757646368045
Broadway & W 58 St,2025-05-10,15,5,1,5.399274547565785
University Pl & E 14 St,2025-05-10,15,5,1,3.707770970792466
W 21 St & 6 Ave,2025-05-10,15,5,1,7.013159210055641
1 Ave & E 68 St,2025-05-10,16,5,1,7.216847469149764
6 Ave & W 33 St,2025-05-10,16,5,1,7.630144080747924
Broadway & W 58 St,2025-05-10,16,5,1,6.386242032330352
University Pl & E 14 St,2025-05-10,16,5,1,4.2608206495164715
W 21 St & 6 Ave,2025-05-10,16,5,1,7.522804577326535
1 Ave & E 68 St,2025-05-10,17,5,1,7.623237208676947
6 Ave & W 33 St,2025-05-10,17,5,1,6.689622717332552
Broadway & W 58 St,2025-05-10,17,5,1,7.466877347345941
University Pl & E 14 St,2025-05-10,17,5,1,4.660979647285744
W 21 St & 6 Ave,2025-05-10,17,5,1,8.851736519055144
1 Ave & E 68 St,2025-05-10,18,5,1,8.76588151117016
6 Ave & W 33 St,2025-05-10,18,5,1,7.028442760156732
Broadway & W 58 St,2025-05-10,18,5,1,7.59844545461126
University Pl & E 14 St,2025-05-10,18,5,1,5.198754633702615
W 21 St & 6 Ave,2025-05-10,18,5,1,9.525746147606187
1 Ave & E 68 St,2025-05-10,19,5,1,8.959776286578387
6 Ave & W 33 St,2025-05-10,19,5,1,6.6911415157818155
Broadway & W 58 St,2025-05-10,19,5,1,7.187999564448398
University Pl & E 14 St,2025-05-10,19,5,1,4.781385767255443
W 21 St & 6 Ave,2025-05-10,19,5,1,9.503927861443561
1 Ave & E 68 St,2025-05-10,20,5,1,9.661221816481945
6 Ave & W 33 St,2025-05-10,20,5,1,6.166996544374655
Broadway & W 58 St,2025-05-10,20,5,1,6.329876417623332
University Pl & E 14 St,2025-05-10,20,5,1,4.788437481712427
W 21 St & 6 Ave,2025-05-10,20,5,1,9.63742623416362
1 Ave & E 68 St,2025-05-10,21,5,1,9.79421397776508
6 Ave & W 33 St,2025-05-10,21,5,1,4.31216220753724
Broadway & W 58 St,2025-05-10,21,5,1,6.236250726416316
University Pl & E 14 St,2025-05-10,21,5,1,4.882487745171285
W 21 St & 6 Ave,2025-05-10,21,5,1,9.929253292589674
1 Ave & E 68 St,2025-05-10,22,5,1,9.058336663830438
6 Ave & W 33 St,2025-05-10,22,5,1,3.4302635314074807
Broadway & W 58 St,2025-05-10,22,5,1,4.8435537805660624
University Pl & E 14 St,2025-05-10,22,5,1,4.516914295658178
W 21 St & 6 Ave,2025-05-10,22,5,1,8.505538111585157
1 Ave & E 68 St,2025-05-10,23,5,1,10.482978285527546
6 Ave & W 33 St,2025-05-10,23,5,1,2.4497841472504587
Broadway & W 58 St,2025-05-10,23,5,1,3.906586609250355
University Pl & E 14 St,2025-05-10,23,5,1,3.939079742683377
W 21 St & 6 Ave,2025-05-10,23,5,1,7.041697309526747
1 Ave & E 68 St,2025-05-11,0,6,1,8.866462484647643
6 Ave & W 33 St,2025-05-11,0,6,1,1.8000454457464485
Broadway & W 58 St,2025-05-11,0,6,1,2.829106160089905
University Pl & E 14 St,2025-05-11,0,6,1,3.190468985688332
W 21 St & 6 Ave,2025-05-11,0,6,1,4.476356785639334
1 Ave & E 68 St,2025-05-11,1,6,1,5.462251679700173
6 Ave & W 33 St,2025-05-11,1,6,1,1.9739667028555512
Broadway & W 58 St,2025-05-11,1,6,1,2.241297458707239
University Pl & E 14 St,2025-05-11,1,6,1,2.67799321239018
W 21 St & 6 Ave,2025-05-11,1,6,1,2.780036930980478
1 Ave & E 68 St,2025-05-11,2,6,1,3.2784984448554786
6 Ave & W 33 St,2025-05-11,2,6,1,2.377404038343389
Broadway & W 58 St,2025-05-11,2,6,1,1.6829965835680263
University Pl & E 14 St,2025-05-11,2,6,1,2.343105117260348
W 21 St & 6 Ave,2025-05-11,2,6,1,2.346768783794463
1 Ave & E 68 St,2025-05-11,3,6,1,2.5511106063823803
6 Ave & W 33 St,2025-05-11,3,6,1,2.394311606534329
Broadway & W 58 St,2025-05-11,3,6,1,1.8271223301246826
University Pl & E 14 St,2025-05-11,3,6,1,1.8893250829023653
W 21 St & 6 Ave,2025-05-11,3,6,1,1.7729210778023006
1 Ave & E 68 St,2025-05-11,4,6,1,2.229212574077021
6 Ave & W 33 St,2025-05-11,4,6,1,2.7620618539603496
Broadway & W 58 St,2025-05-11,4,6,1,2.0811445216138904
University Pl & E 14 St,2025-05-11,4,6,1,1.918991039977379
W 21 St & 6 Ave,2025-05-11,4,6,1,1.7719024594369501
1 Ave & E 68 St,2025-05-11,5,6,1,1.7870242103384546
6 Ave & W 33 St,2025-05-11,5,6,1,3.9961814333037333
Broadway & W 58 St,2025-05-11,5,6,1,2.431419368222983
University Pl & E 14 St,2025-05-11,5,6,1,2.3162644764155833
W 21 St & 6 Ave,2025-05-11,5,6,1,1.9895699052967528
1 Ave & E 68 St,2025-05-11,6,6,1,1.792468324505547
6 Ave & W 33 St,2025-05-11,6,6,1,4.965323733595914
Broadway & W 58 St,2025-05-11,6,6,1,2.5354729220838275
University Pl & E 14 St,2025-05-11,6,6,1,2.4182727729246944
W 21 St & 6 Ave,2025-05-11,6,6,1,2.4861492464744197
1 Ave & E 68 St,2025-05-11,7,6,1,1.9943746851380137
6 Ave & W 33 St,2025-05-11,7,6,1,5.687781311839956
Broadway & W 58 St,2025-05-11,7,6,1,3.9925349084434987
University Pl & E 14 St,2025-05-11,7,6,1,2.6368550612450243
W 21 St & 6 Ave,2025-05-11,7,6,1,3.2676267940319446
1 Ave & E 68 St,2025-05-11,8,6,1,2.742592222467562
6 Ave & W 33 St,2025-05-11,8,6,1,6.386846626114436
Broadway & W 58 St,2025-05-11,8,6,1,5.1359418332493085
University Pl & E 14 St,2025-05-11,8,6,1,3.76714987695894
W 21 St & 6 Ave,2025-05-11,8,6,1,4.393486408415199
1 Ave & E 68 St,2025-05-11,9,6,1,4.419740151271721
6 Ave & W 33 St,2025-05-11,9,6,1,7.480001894499666
Broadway & W 58 St,2025-05-11,9,6,1,5.587177202878585
University Pl & E 14 St,2025-05-11,9,6,1,4.707262641923073
W 21 St & 6 Ave,2025-05-11,9,6,1,5.521876419448874
1 Ave & E 68 St,2025-05-11,10,6,1,5.296688868540916
6 Ave & W 33 St,2025-05-11,10,6,1,7.699961525455323
Broadway & W 58 St,2025-05-11,10,6,1,6.024496066915105
University Pl & E 14 St,2025-05-11,10,6,1,5.24481835290142
W 21 St & 6 Ave,2025-05-11,10,6,1,6.967511059371762
1 Ave & E 68 St,2025-05-11,11,6,1,6.420971160121415
6 Ave & W 33 St,2025-05-11,11,6,1,7.286949497130637
Broadway & W 58 St,2025-05-11,11,6,1,6.927408382881372
University Pl & E 14 St,2025-05-11,11,6,1,5.29994979536161
W 21 St & 6 Ave,2025-05-11,11,6,1,7.84883008334292
1 Ave & E 68 St,2025-05-11,12,6,1,7.435890441790074
6 Ave & W 33 St,2025-05-11,12,6,1,7.777754245825046
Broadway & W 58 St,2025-05-11,12,6,1,7.406725399494182
University Pl & E 14 St,2025-05-11,12,6,1,6.0371735348450635
W 21 St & 6 Ave,2025-05-11,12,6,1,9.372399499165512
1 Ave & E 68 St,2025-05-11,13,6,1,8.233998654899437
6 Ave & W 33 St,2025-05-11,13,6,1,6.7967249581103815
Broadway & W 58 St,2025-05-11,13,6,1,7.028393169578312
University Pl & E 14 St,2025-05-11,13,6,1,6.502131195365204
W 21 St & 6 Ave,2025-05-11,13,6,1,9.72945338166177
1 Ave & E 68 St,2025-05-11,14,6,1,9.176817936206444
6 Ave & W 33 St,2025-05-11,14,6,1,7.034809875341895
Broadway & W 58 St,2025-05-11,14,6,1,7.038891707042252
University Pl & E 14 St,2025-05-11,14,6,1,6.057369141274913
W 21 St & 6 Ave,2025-05-11,14,6,1,10.23714687919548
1 Ave & E 68 St,2025-05-11,15,6,1,9.452644861497753
6 Ave & W 33 St,2025-05-11,15,6,1,5.162854234178338
Broadway & W 58 St,2025-05-11,15,6,1,6.533088660024495
University Pl & E 14 St,2025-05-11,15,6,1,5.8025803402617395
W 21 St & 6 Ave,2025-05-11,15,6,1,10.15188923919244
1 Ave & E 68 St,2025-05-11,16,6,1,9.960538825659775
6 Ave & W 33 St,2025-05-11,16,6,1,3.8641693666607635
Broadway & W 58 St,2025-05-11,16,6,1,5.862569601241824
University Pl & E 14 St,2025-05-11,16,6,1,5.064775707490833
W 21 St & 6 Ave,2025-05-11,16,6,1,8.929669907611915
1 Ave & E 68 St,2025-05-11,17,6,1,9.492284512197775
6 Ave & W 33 St,2025-05-11,17,6,1,2.487277839908542
Broadway & W 58 St,2025-05-11,17,6,1,4.760264888375126
University Pl & E 14 St,2025-05-11,17,6,1,4.185233303540044
W 21 St & 6 Ave,2025-05-11,17,6,1,8.462404868434879
1 Ave & E 68 St,2025-05-11,18,6,1,8.54893494074636
6 Ave & W 33 St,2025-05-11,18,6,1,1.704006327678755
Broadway & W 58 St,2025-05-11,18,6,1,3.4623744734708746
University Pl & E 14 St,2025-05-11,18,6,1,3.04600068757847
W 21 St & 6 Ave,2025-05-11,18,6,1,6.553100417505154
1 Ave & E 68 St,2025-05-11,19,6,1,8.067802816734094
6 Ave & W 33 St,2025-05-11,19,6,1,1.6999356522501803
Broadway & W 58 St,2025-05-11,19,6,1,2.3275252270324005
University Pl & E 14 St,2025-05-11,19,6,1,2.240336941361053
W 21 St & 6 Ave,2025-05-11,19,6,1,4.562692920166406
1 Ave & E 68 St,2025-05-11,20,6,1,5.742847175534151
6 Ave & W 33 St,2025-05-11,20,6,1,1.7683586180119182
Broadway & W 58 St,2025-05-11,20,6,1,1.7090521478916572
University Pl & E 14 St,2025-05-11,20,6,1,1.6836081829504603
W 21 St & 6 Ave,2025-05-11,20,6,1,3.1308598283740348
1 Ave & E 68 St,2025-05-11,21,6,1,4.0510605950402
6 Ave & W 33 St,2025-05-11,21,6,1,2.0256619880323017
Broadway & W 58 St,2025-05-11,21,6,1,1.6838974238410345
University Pl & E 14 St,2025-05-11,21,6,1,1.6440147145514012
W 21 St & 6 Ave,2025-05-11,21,6,1,2.26619086603942
1 Ave & E 68 St,2025-05-11,22,6,1,2.6654914667089966
6 Ave & W 33 St,2025-05-11,22,6,1,2.209282078990485
Broadway & W 58 St,2025-05-11,22,6,1,1.819332561902001
University Pl & E 14 St,2025-05-11,22,6,1,1.8574692403135589
W 21 St & 6 Ave,2025-05-11,22,6,1,1.7501800266451988
1 Ave & E 68 St,2025-05-11,23,6,1,2.154552260017947
6 Ave & W 33 St,2025-05-11,23,6,1,2.8401909600587127
Broadway & W 58 St,2025-05-11,23,6,1,2.0537677804152374
University Pl & E 14 St,2025-05-11,23,6,1,2.143342917432764
W 21 St & 6 Ave,2025-05-11,23,6,1,1.7110885484028002
1 Ave & E 68 St,2025-05-12,0,0,0,2.2383467597717517
6 Ave & W 33 St,2025-05-12,0,0,0,5.138076968684581
Broadway & W 58 St,2025-05-12,0,0,0,3.0260886309289607
University Pl & E 14 St,2025-05-12,0,0,0,2.9315604863823426
W 21 St & 6 Ave,2025-05-12,0,0,0,2.8660932879127077
1 Ave & E 68 St,2025-05-12,1,0,0,2.1570531903317027
6 Ave & W 33 St,2025-05-12,1,0,0,5.973151797616844
Broadway & W 58 St,2025-05-12,1,0,0,4.803217653568468
University Pl & E 14 St,2025-05-12,1,0,0,4.1754966722054565
W 21 St & 6 Ave,2025-05-12,1,0,0,4.6499057070238345
1 Ave & E 68 St,2025-05-12,2,0,0,2.961286115377875
6 Ave & W 33 St,2025-05-12,2,0,0,6.2561793088205455
Broadway & W 58 St,2025-05-12,2,0,0,5.903496594713756
University Pl & E 14 St,2025-05-12,2,0,0,5.3895628542754555
W 21 St & 6 Ave,2025-05-12,2,0,0,6.297803825481925
1 Ave & E 68 St,2025-05-12,3,0,0,4.920274100004321
6 Ave & W 33 St,2025-05-12,3,0,0,6.460811889841449
Broadway & W 58 St,2025-05-12,3,0,0,6.174551817624834
University Pl & E 14 St,2025-05-12,3,0,0,5.642126811229905
W 21 St & 6 Ave,2025-05-12,3,0,0,6.498341840871351
1 Ave & E 68 St,2025-05-12,4,0,0,6.487077355895352
6 Ave & W 33 St,2025-05-12,4,0,0,6.5759046833693855
Broadway & W 58 St,2025-05-12,4,0,0,6.408789011353118
University Pl & E 14 St,2025-05-12,4,0,0,5.976166066581487
W 21 St & 6 Ave,2025-05-12,4,0,0,6.577327898160902
1 Ave & E 68 St,2025-05-12,5,0,0,6.419718212739845
6 Ave & W 33 St,2025-05-12,5,0,0,7.127433170344417
Broadway & W 58 St,2025-05-12,5,0,0,6.628510973312868
University Pl & E 14 St,2025-05-12,5,0,0,6.400801126898657
W 21 St & 6 Ave,2025-05-12,5,0,0,7.029742124507922
1 Ave & E 68 St,2025-05-12,6,0,0,6.596640855384476
6 Ave & W 33 St,2025-05-12,6,0,0,8.317762532870848
Broadway & W 58 St,2025-05-12,6,0,0,6.860514818611683
University Pl & E 14 St,2025-05-12,6,0,0,6.496863612582963
W 21 St & 6 Ave,2025-05-12,6,0,0,7.80191040161785
1 Ave & E 68 St,2025-05-12,7,0,0,7.112313851188575
6 Ave & W 33 St,2025-05-12,7,0,0,8.153893794226878
Broadway & W 58 St,2025-05-12,7,0,0,7.705991575404367
University Pl & E 14 St,2025-05-12,7,0,0,6.5448737133856865
W 21 St & 6 Ave,2025-05-12,7,0,0,8.819747273768867
1 Ave & E 68 St,2025-05-12,8,0,0,7.982261916593919
6 Ave & W 33 St,2025-05-12,8,0,0,9.143990799986485
Broadway & W 58 St,2025-05-12,8,0,0,8.310769638459611
University Pl & E 14 St,2025-05-12,8,0,0,7.274735114522233
W 21 St & 6 Ave,2025-05-12,8,0,0,9.57572816812087
1 Ave & E 68 St,2025-05-12,9,0,0,8.734935362781522
6 Ave & W 33 St,2025-05-12,9,0,0,9.332507367875136
Broadway & W 58 St,2025-05-12,9,0,0,8.644492418889058
University Pl & E 14 St,2025-05-12,9,0,0,7.537842732402525
W 21 St & 6 Ave,2025-05-12,9,0,0,10.068675092666203
1 Ave & E 68 St,2025-05-12,10,0,0,9.514560872534833
6 Ave & W 33 St,2025-05-12,10,0,0,8.981102336261634
Broadway & W 58 St,2025-05-12,10,0,0,9.36025877945483
University Pl & E 14 St,2025-05-12,10,0,0,7.564473019504906
W 21 St & 6 Ave,2025-05-12,10,0,0,11.198157300016103
1 Ave & E 68 St,2025-05-12,11,0,0,10.001017109327526
6 Ave & W 33 St,2025-05-12,11,0,0,8.05363195815564
Broadway & W 58 St,2025-05-12,11,0,0,9.416909724373435
University Pl & E 14 St,2025-05-12,11,0,0,7.912294642949545
W 21 St & 6 Ave,2025-05-12,11,0,0,10.873927385287242
1 Ave & E 68 St,2025-05-12,12,0,0,11.128460795056412
6 Ave & W 33 St,2025-05-12,12,0,0,5.351232648728265
Broadway & W 58 St,2025-05-12,12,0,0,8.01566396875835
University Pl & E 14 St,2025-05-12,12,0,0,7.024875169564415
W 21 St & 6 Ave,2025-05-12,12,0,0,10.789646802970834
1 Ave & E 68 St,2025-05-12,13,0,0,10.960007986724351
6 Ave & W 33 St,2025-05-12,13,0,0,3.5013417497213437
Broadway & W 58 St,2025-05-12,13,0,0,5.3740982537079285
University Pl & E 14 St,2025-05-12,13,0,0,4.805538488109597
W 21 St & 6 Ave,2025-05-12,13,0,0,7.463176962949695
1 Ave & E 68 St,2025-05-12,14,0,0,10.791551131314328
6 Ave & W 33 St,2025-05-12,14,0,0,2.827202503432339
Broadway & W 58 St,2025-05-12,14,0,0,3.590641152427917
University Pl & E 14 St,2025-05-12,14,0,0,3.680611090634696
W 21 St & 6 Ave,2025-05-12,14,0,0,4.683644718896441
1 Ave & E 68 St,2025-05-12,15,0,0,7.438567386243907
6 Ave & W 33 St,2025-05-12,15,0,0,2.5707307526074095
Broadway & W 58 St,2025-05-12,15,0,0,2.827202503432339
University Pl & E 14 St,2025-05-12,15,0,0,2.8955723128979516
W 21 St & 6 Ave,2025-05-12,15,0,0,3.2699148761024643
1 Ave & E 68 St,2025-05-12,16,0,0,4.563005854269507
6 Ave & W 33 St,2025-05-12,16,0,0,2.7601256089286315
Broadway & W 58 St,2025-05-12,16,0,0,2.5707307526074095
University Pl & E 14 St,2025-05-12,16,0,0,2.575615057405959
W 21 St & 6 Ave,2025-05-12,16,0,0,2.556767688634776
1 Ave & E 68 St,2025-05-12,17,0,0,3.2699148761024643
6 Ave & W 33 St,2025-05-12,17,0,0,2.944309050733625
Broadway & W 58 St,2025-05-12,17,0,0,2.7601256089286315
University Pl & E 14 St,2025-05-12,17,0,0,2.6959561757711703
W 21 St & 6 Ave,2025-05-12,17,0,0,2.5595303115778067
1 Ave & E 68 St,2025-05-12,18,0,0,2.5362405188600152
6 Ave & W 33 St,2025-05-12,18,0,0,4.064182397612052
Broadway & W 58 St,2025-05-12,18,0,0,2.8677140056320782
University Pl & E 14 St,2025-05-12,18,0,0,2.9122994002637546
W 21 St & 6 Ave,2025-05-12,18,0,0,2.8523173673591318
1 Ave & E 68 St,2025-05-12,19,0,0,2.5595303115778067
6 Ave & W 33 St,2025-05-12,19,0,0,5.558493075104142
Broadway & W 58 St,2025-05-12,19,0,0,4.047606978160378
University Pl & E 14 St,2025-05-12,19,0,0,4.2848454943141165
W 21 St & 6 Ave,2025-05-12,19,0,0,3.3205558309392598
1 Ave & E 68 St,2025-05-12,20,0,0,2.8523173673591318
6 Ave & W 33 St,2025-05-12,20,0,0,6.311522394753053
Broadway & W 58 St,2025-05-12,20,0,0,5.558493075104142
University Pl & E 14 St,2025-05-12,20,0,0,5.458759705817695
W 21 St & 6 Ave,2025-05-12,20,0,0,4.766445967345861
1 Ave & E 68 St,2025-05-12,21,0,0,3.3205558309392598
6 Ave & W 33 St,2025-05-12,21,0,0,6.53095819197323
Broadway & W 58 St,2025-05-12,21,0,0,6.311522394753053
University Pl & E 14 St,2025-05-12,21,0,0,5.948009092761319
W 21 St & 6 Ave,2025-05-12,21,0,0,6.355230991529182
1 Ave & E 68 St,2025-05-12,22,0,0,4.766445967345861
6 Ave & W 33 St,2025-05-12,22,0,0,6.708745721970085
Broadway & W 58 St,2025-05-12,22,0,0,6.53095819197323
University Pl & E 14 St,2025-05-12,22,0,0,6.309993779598676
W 21 St & 6 Ave,2025-05-12,22,0,0,6.7109746526436025
1 Ave & E 68 St,2025-05-12,23,0,0,6.355230991529182
6 Ave & W 33 St,2025-05-12,23,0,0,7.305869289252748
Broadway & W 58 St,2025-05-12,23,0,0,6.708745721970085
University Pl & E 14 St,2025-05-12,23,0,0,6.319796758585744
W 21 St & 6 Ave,2025-05-12,23,0,0,7.345733859127081
1 Ave & E 68 St,2025-05-13,0,1,0,6.689692054604279
6 Ave & W 33 St,2025-05-13,0,1,0,7.720399240856896
Broadway & W 58 St,2025-05-13,0,1,0,7.284586691213425
University Pl & E 14 St,2025-05-13,0,1,0,6.388117131118217
W 21 St & 6 Ave,2025-05-13,0,1,0,7.51909640490593
1 Ave & E 68 St,2025-05-13,1,1,0,7.3244512610877575
6 Ave & W 33 St,2025-05-13,1,1,0,8.094535487175877
Broadway & W 58 St,2025-05-13,1,1,0,7.720399240856896
University Pl & E 14 St,2025-05-13,1,1,0,6.437406131507459
W 21 St & 6 Ave,2025-05-13,1,1,0,8.418993406138581
1 Ave & E 68 St,2025-05-13,2,1,0,7.51909640490593
6 Ave & W 33 St,2025-05-13,2,1,0,8.88561325821426
Broadway & W 58 St,2025-05-13,2,1,0,8.094535487175877
University Pl & E 14 St,2025-05-13,2,1,0,6.940284436729386
W 21 St & 6 Ave,2025-05-13,2,1,0,9.206011936446217
1 Ave & E 68 St,2025-05-13,3,1,0,8.418993406138581
6 Ave & W 33 St,2025-05-13,3,1,0,9.138292568524827
Broadway & W 58 St,2025-05-13,3,1,0,8.88561325821426
University Pl & E 14 St,2025-05-13,3,1,0,7.212834117612527
W 21 St & 6 Ave,2025-05-13,3,1,0,9.683616734469828
1 Ave & E 68 St,2025-05-13,4,1,0,9.206011936446217
6 Ave & W 33 St,2025-05-13,4,1,0,10.034899694817122
Broadway & W 58 St,2025-05-13,4,1,0,9.138292568524827
University Pl & E 14 St,2025-05-13,4,1,0,7.872595639816917
W 21 St & 6 Ave,2025-05-13,4,1,0,10.202490073100824
1 Ave & E 68 St,2025-05-13,5,1,0,9.683616734469828
6 Ave & W 33 St,2025-05-13,5,1,0,9.155652864785665
Broadway & W 58 St,2025-05-13,5,1,0,10.034899694817122
University Pl & E 14 St,2025-05-13,5,1,0,8.184519166941588
W 21 St & 6 Ave,2025-05-13,5,1,0,10.582427213445929
1 Ave & E 68 St,2025-05-13,6,1,0,10.202490073100824
6 Ave & W 33 St,2025-05-13,6,1,0,8.184507902077904
Broadway & W 58 St,2025-05-13,6,1,0,9.155652864785665
University Pl & E 14 St,2025-05-13,6,1,0,7.966327043628773
W 21 St & 6 Ave,2025-05-13,6,1,0,10.258001564978805
1 Ave & E 68 St,2025-05-13,7,1,0,10.582427213445929
6 Ave & W 33 St,2025-05-13,7,1,0,6.085382000366412
Broadway & W 58 St,2025-05-13,7,1,0,8.184507902077904
University Pl & E 14 St,2025-05-13,7,1,0,6.960305123601366
W 21 St & 6 Ave,2025-05-13,7,1,0,9.958656703591865
1 Ave & E 68 St,2025-05-13,8,1,0,10.258001564978805
6 Ave & W 33 St,2025-05-13,8,1,0,4.7476155960650726
Broadway & W 58 St,2025-05-13,8,1,0,6.085382000366412
University Pl & E 14 St,2025-05-13,8,1,0,5.456219214718866
W 21 St & 6 Ave,2025-05-13,8,1,0,7.456798996363943
1 Ave & E 68 St,2025-05-13,9,1,0,9.958656703591865
6 Ave & W 33 St,2025-05-13,9,1,0,3.7317894200016366
Broadway & W 58 St,2025-05-13,9,1,0,4.7476155960650726
University Pl & E 14 St,2025-05-13,9,1,0,4.715777765316362
W 21 St & 6 Ave,2025-05-13,9,1,0,5.097065979579644
1 Ave & E 68 St,2025-05-13,10,1,0,7.456798996363943
6 Ave & W 33 St,2025-05-13,10,1,0,3.5660086323261577
Broadway & W 58 St,2025-05-13,10,1,0,3.7317894200016366
University Pl & E 14 St,2025-05-13,10,1,0,3.9446148445047213
W 21 St & 6 Ave,2025-05-13,10,1,0,4.129925111932838
1 Ave & E 68 St,2025-05-13,11,1,0,5.097065979579644
6 Ave & W 33 St,2025-05-13,11,1,0,3.72449388492619
Broadway & W 58 St,2025-05-13,11,1,0,3.5660086323261577
University Pl & E 14 St,2025-05-13,11,1,0,3.6393227800205676
W 21 St & 6 Ave,2025-05-13,11,1,0,3.218477352990301
1 Ave & E 68 St,2025-05-13,12,1,0,4.129925111932838
6 Ave & W 33 St,2025-05-13,12,1,0,4.044627237654111
Broadway & W 58 St,2025-05-13,12,1,0,3.72449388492619
University Pl & E 14 St,2025-05-13,12,1,0,3.7608305224473435
W 21 St & 6 Ave,2025-05-13,12,1,0,2.70809339657308
1 Ave & E 68 St,2025-05-13,13,1,0,3.218477352990301
6 Ave & W 33 St,2025-05-13,13,1,0,4.988272388533007
Broadway & W 58 St,2025-05-13,13,1,0,4.044627237654111
University Pl & E 14 St,2025-05-13,13,1,0,4.2397437955028705
W 21 St & 6 Ave,2025-05-13,13,1,0,2.9157953748331398
1 Ave & E 68 St,2025-05-13,14,1,0,2.70809339657308
6 Ave & W 33 St,2025-05-13,14,1,0,6.105438758806564
Broadway & W 58 St,2025-05-13,14,1,0,4.988272388533007
University Pl & E 14 St,2025-05-13,14,1,0,5.144569239237087
W 21 St & 6 Ave,2025-05-13,14,1,0,3.2489664584710782
1 Ave & E 68 St,2025-05-13,15,1,0,2.9157953748331398
6 Ave & W 33 St,2025-05-13,15,1,0,6.2968727692868365
Broadway & W 58 St,2025-05-13,15,1,0,6.105438758806564
University Pl & E 14 St,2025-05-13,15,1,0,5.647556116213071
W 21 St & 6 Ave,2025-05-13,15,1,0,4.763097264123688
1 Ave & E 68 St,2025-05-13,16,1,0,3.2489664584710782
6 Ave & W 33 St,2025-05-13,16,1,0,6.451819542959934
Broadway & W 58 St,2025-05-13,16,1,0,6.2968727692868365
University Pl & E 14 St,2025-05-13,16,1,0,6.1342561871265
W 21 St & 6 Ave,2025-05-13,16,1,0,6.22554103594536
1 Ave & E 68 St,2025-05-13,17,1,0,4.763097264123688
6 Ave & W 33 St,2025-05-13,17,1,0,6.748581428656032
Broadway & W 58 St,2025-05-13,17,1,0,6.451819542959934
University Pl & E 14 St,2025-05-13,17,1,0,6.293957171787509
W 21 St & 6 Ave,2025-05-13,17,1,0,6.807570051687672
1 Ave & E 68 St,2025-05-13,18,1,0,6.22554103594536
6 Ave & W 33 St,2025-05-13,18,1,0,7.293908275077416
Broadway & W 58 St,2025-05-13,18,1,0,6.748581428656032
University Pl & E 14 St,2025-05-13,18,1,0,6.292548499033853
W 21 St & 6 Ave,2025-05-13,18,1,0,7.235769654995369
1 Ave & E 68 St,2025-05-13,19,1,0,6.807570051687672
6 Ave & W 33 St,2025-05-13,19,1,0,7.610499499558371
Broadway & W 58 St,2025-05-13,19,1,0,7.293908275077416
University Pl & E 14 St,2025-05-13,19,1,0,6.339938899460841
W 21 St & 6 Ave,2025-05-13,19,1,0,7.592540111251998
1 Ave & E 68 St,2025-05-13,20,1,0,7.235769654995369
6 Ave & W 33 St,2025-05-13,20,1,0,8.316139845301409
Broadway & W 58 St,2025-05-13,20,1,0,7.610499499558371
University Pl & E 14 St,2025-05-13,20,1,0,6.3818982088096545
W 21 St & 6 Ave,2025-05-13,20,1,0,8.590908897192259
1 Ave & E 68 St,2025-05-13,21,1,0,7.592540111251998
6 Ave & W 33 St,2025-05-13,21,1,0,8.697985447032183
Broadway & W 58 St,2025-05-13,21,1,0,8.316139845301409
University Pl & E 14 St,2025-05-13,21,1,0,6.608474133442906
W 21 St & 6 Ave,2025-05-13,21,1,0,9.244384955110583
1 Ave & E 68 St,2025-05-13,22,1,0,8.590908897192259
6 Ave & W 33 St,2025-05-13,22,1,0,8.95611842207461
Broadway & W 58 St,2025-05-13,22,1,0,8.697985447032183
University Pl & E 14 St,2025-05-13,22,1,0,6.894956016949521
W 21 St & 6 Ave,2025-05-13,22,1,0,10.135923545890435
1 Ave & E 68 St,2025-05-13,23,1,0,9.244384955110583
6 Ave & W 33 St,2025-05-13,23,1,0,9.347797002983853
Broadway & W 58 St,2025-05-13,23,1,0,8.95611842207461
University Pl & E 14 St,2025-05-13,23,1,0,7.545623868064355
W 21 St & 6 Ave,2025-05-13,23,1,0,10.432422074836568
1 Ave & E 68 St,2025-05-14,0,2,0,10.135923545890435
6 Ave & W 33 St,2025-05-14,0,2,0,8.2070732349308
Broadway & W 58 St,2025-05-14,0,2,0,9.347797002983853
University Pl & E 14 St,2025-05-14,0,2,0,7.5641082718848915
W 21 St & 6 Ave,2025-05-14,0,2,0,10.613251649198517
1 Ave & E 68 St,2025-05-14,1,2,0,10.432422074836568
6 Ave & W 33 St,2025-05-14,1,2,0,7.486305484337082
Broadway & W 58 St,2025-05-14,1,2,0,8.2070732349308
University Pl & E 14 St,2025-05-14,1,2,0,7.543947276472006
W 21 St & 6 Ave,2025-05-14,1,2,0,9.945612648748437
1 Ave & E 68 St,2025-05-14,2,2,0,10.613251649198517
6 Ave & W 33 St,2025-05-14,2,2,0,6.349797919585684
Broadway & W 58 St,2025-05-14,2,2,0,7.486305484337082
University Pl & E 14 St,2025-05-14,2,2,0,6.880298356550984
W 21 St & 6 Ave,2025-05-14,2,2,0,9.532747951727762
1 Ave & E 68 St,2025-05-14,3,2,0,9.945612648748437
6 Ave & W 33 St,2025-05-14,3,2,0,5.42269868088656
Broadway & W 58 St,2025-05-14,3,2,0,6.349797919585684
University Pl & E 14 St,2025-05-14,3,2,0,5.851385500006208
W 21 St & 6 Ave,2025-05-14,3,2,0,7.959115312631944
1 Ave & E 68 St,2025-05-14,4,2,0,9.532747951727762
6 Ave & W 33 St,2025-05-14,4,2,0,4.329994374680528
Broadway & W 58 St,2025-05-14,4,2,0,5.42269868088656
University Pl & E 14 St,2025-05-14,4,2,0,5.542670265909441
W 21 St & 6 Ave,2025-05-14,4,2,0,5.695191230461933
1 Ave & E 68 St,2025-05-14,5,2,0,7.959115312631944
6 Ave & W 33 St,2025-05-14,5,2,0,3.9604596432478494
Broadway & W 58 St,2025-05-14,5,2,0,4.329994374680528
University Pl & E 14 St,2025-05-14,5,2,0,5.234861921302423
W 21 St & 6 Ave,2025-05-14,5,2,0,4.283497611967995
1 Ave & E 68 St,2025-05-14,6,2,0,5.695191230461933
6 Ave & W 33 St,2025-05-14,6,2,0,4.5653549108144835
Broadway & W 58 St,2025-05-14,6,2,0,3.9604596432478494
University Pl & E 14 St,2025-05-14,6,2,0,4.3302114181640645
W 21 St & 6 Ave,2025-05-14,6,2,0,3.2401403642820634
1 Ave & E 68 St,2025-05-14,7,2,0,4.283497611967995
6 Ave & W 33 St,2025-05-14,7,2,0,4.917674047240854
Broadway & W 58 St,2025-05-14,7,2,0,4.5653549108144835
University Pl & E 14 St,2025-05-14,7,2,0,4.651806006626085
W 21 St & 6 Ave,2025-05-14,7,2,0,2.683819118839761
1 Ave & E 68 St,2025-05-14,8,2,0,3.2401403642820634
6 Ave & W 33 St,2025-05-14,8,2,0,5.740903727403027
Broadway & W 58 St,2025-05-14,8,2,0,4.917674047240854
University Pl & E 14 St,2025-05-14,8,2,0,4.94498387006884
W 21 St & 6 Ave,2025-05-14,8,2,0,2.9256219278135926
1 Ave & E 68 St,2025-05-14,9,2,0,2.683819118839761
6 Ave & W 33 St,2025-05-14,9,2,0,6.204551177970859
Broadway & W 58 St,2025-05-14,9,2,0,5.740903727403027
University Pl & E 14 St,2025-05-14,9,2,0,5.8016701270683155
W 21 St & 6 Ave,2025-05-14,9,2,0,3.2489664584710782
1 Ave & E 68 St,2025-05-14,10,2,0,2.9256219278135926
6 Ave & W 33 St,2025-05-14,10,2,0,6.385705893251906
Broadway & W 58 St,2025-05-14,10,2,0,6.204551177970859
University Pl & E 14 St,2025-05-14,10,2,0,6.202377663362656
W 21 St & 6 Ave,2025-05-14,10,2,0,4.588876553318044
1 Ave & E 68 St,2025-05-14,11,2,0,3.2489664584710782
6 Ave & W 33 St,2025-05-14,11,2,0,6.3411244170635745
Broadway & W 58 St,2025-05-14,11,2,0,6.385705893251906
University Pl & E 14 St,2025-05-14,11,2,0,6.2437243788012236
W 21 St & 6 Ave,2025-05-14,11,2,0,6.249068458044577
1 Ave & E 68 St,2025-05-14,12,2,0,4.588876553318044
6 Ave & W 33 St,2025-05-14,12,2,0,6.558768115162115
Broadway & W 58 St,2025-05-14,12,2,0,6.3411244170635745
University Pl & E 14 St,2025-05-14,12,2,0,6.214034035438432
W 21 St & 6 Ave,2025-05-14,12,2,0,6.831761721651424
1 Ave & E 68 St,2025-05-14,13,2,0,6.249068458044577
6 Ave & W 33 St,2025-05-14,13,2,0,7.042836364695875
Broadway & W 58 St,2025-05-14,13,2,0,6.558768115162115
University Pl & E 14 St,2025-05-14,13,2,0,6.230806121795559
W 21 St & 6 Ave,2025-05-14,13,2,0,7.3270838441364186
1 Ave & E 68 St,2025-05-14,14,2,0,6.831761721651424
6 Ave & W 33 St,2025-05-14,14,2,0,7.523870503060203
Broadway & W 58 St,2025-05-14,14,2,0,7.042836364695875
University Pl & E 14 St,2025-05-14,14,2,0,6.2355189798324835
W 21 St & 6 Ave,2025-05-14,14,2,0,7.871556519690227
1 Ave & E 68 St,2025-05-14,15,2,0,7.3270838441364186
6 Ave & W 33 St,2025-05-14,15,2,0,8.312000613777068
Broadway & W 58 St,2025-05-14,15,2,0,7.523870503060203
University Pl & E 14 St,2025-05-14,15,2,0,6.225122330063644
W 21 St & 6 Ave,2025-05-14,15,2,0,8.795478674120517
1 Ave & E 68 St,2025-05-14,16,2,0,7.871556519690227
6 Ave & W 33 St,2025-05-14,16,2,0,8.306935316652389
Broadway & W 58 St,2025-05-14,16,2,0,8.312000613777068
University Pl & E 14 St,2025-05-14,16,2,0,6.627862324017781
W 21 St & 6 Ave,2025-05-14,16,2,0,9.244384955110583
1 Ave & E 68 St,2025-05-14,17,2,0,8.795478674120517
6 Ave & W 33 St,2025-05-14,17,2,0,8.414604057742562
Broadway & W 58 St,2025-05-14,17,2,0,8.306935316652389
University Pl & E 14 St,2025-05-14,17,2,0,6.82622201379337
W 21 St & 6 Ave,2025-05-14,17,2,0,10.135923545890435
1 Ave & E 68 St,2025-05-14,18,2,0,9.244384955110583
6 Ave & W 33 St,2025-05-14,18,2,0,7.665942711384557
Broadway & W 58 St,2025-05-14,18,2,0,8.414604057742562
University Pl & E 14 St,2025-05-14,18,2,0,7.252760165650246
W 21 St & 6 Ave,2025-05-14,18,2,0,10.432422074836568
1 Ave & E 68 St,2025-05-14,19,2,0,10.135923545890435
6 Ave & W 33 St,2025-05-14,19,2,0,7.585717993979109
Broadway & W 58 St,2025-05-14,19,2,0,7.665942711384557
University Pl & E 14 St,2025-05-14,19,2,0,7.308687761427559
W 21 St & 6 Ave,2025-05-14,19,2,0,10.67645937065492
1 Ave & E 68 St,2025-05-14,20,2,0,10.432422074836568
6 Ave & W 33 St,2025-05-14,20,2,0,7.404766244612048
Broadway & W 58 St,2025-05-14,20,2,0,7.585717993979109
University Pl & E 14 St,2025-05-14,20,2,0,7.113782966102419
W 21 St & 6 Ave,2025-05-14,20,2,0,11.123743479835305
1 Ave & E 68 St,2025-05-14,21,2,0,10.67645937065492
6 Ave & W 33 St,2025-05-14,21,2,0,6.020173547754244
Broadway & W 58 St,2025-05-14,21,2,0,7.404766244612048
University Pl & E 14 St,2025-05-14,21,2,0,7.120009088240611
W 21 St & 6 Ave,2025-05-14,21,2,0,9.650958844403236
1 Ave & E 68 St,2025-05-14,22,2,0,11.123743479835305
6 Ave & W 33 St,2025-05-14,22,2,0,5.6536449981357055
Broadway & W 58 St,2025-05-14,22,2,0,6.020173547754244
University Pl & E 14 St,2025-05-14,22,2,0,6.587011255231065
W 21 St & 6 Ave,2025-05-14,22,2,0,8.401253417532924
1 Ave & E 68 St,2025-05-14,23,2,0,9.650958844403236
6 Ave & W 33 St,2025-05-14,23,2,0,5.573254658759545
Broadway & W 58 St,2025-05-14,23,2,0,5.6536449981357055
University Pl & E 14 St,2025-05-14,23,2,0,6.447650640672657
W 21 St & 6 Ave,2025-05-14,23,2,0,6.072575097528895
1 Ave & E 68 St,2025-05-15,0,3,0,8.372645518695965
6 Ave & W 33 St,2025-05-15,0,3,0,5.553132222830493
Broadway & W 58 St,2025-05-15,0,3,0,5.5256955086383
University Pl & E 14 St,2025-05-15,0,3,0,6.078871200355989
W 21 St & 6 Ave,2025-05-15,0,3,0,4.254889713131034
1 Ave & E 68 St,2025-05-15,1,3,0,6.043967198691933
6 Ave & W 33 St,2025-05-15,1,3,0,5.69257770022957
Broadway & W 58 St,2025-05-15,1,3,0,5.553132222830493
University Pl & E 14 St,2025-05-15,1,3,0,5.772932165880359
W 21 St & 6 Ave,2025-05-15,1,3,0,3.1793318408264395
1 Ave & E 68 St,2025-05-15,2,3,0,4.254889713131034
6 Ave & W 33 St,2025-05-15,2,3,0,5.738688560532304
Broadway & W 58 St,2025-05-15,2,3,0,5.69257770022957
University Pl & E 14 St,2025-05-15,2,3,0,5.966837911798377
W 21 St & 6 Ave,2025-05-15,2,3,0,2.5368110455536304
1 Ave & E 68 St,2025-05-15,3,3,0,3.1793318408264395
6 Ave & W 33 St,2025-05-15,3,3,0,6.06327012976932
Broadway & W 58 St,2025-05-15,3,3,0,5.738688560532304
University Pl & E 14 St,2025-05-15,3,3,0,5.942904231419405
W 21 St & 6 Ave,2025-05-15,3,3,0,2.835439888985933
1 Ave & E 68 St,2025-05-15,4,3,0,2.5368110455536304
6 Ave & W 33 St,2025-05-15,4,3,0,6.159974125841098
Broadway & W 58 St,2025-05-15,4,3,0,6.06327012976932
University Pl & E 14 St,2025-05-15,4,3,0,6.090579952597306
W 21 St & 6 Ave,2025-05-15,4,3,0,3.1587844196434185
1 Ave & E 68 St,2025-05-15,5,3,0,2.835439888985933
6 Ave & W 33 St,2025-05-15,5,3,0,6.140307896176218
Broadway & W 58 St,2025-05-15,5,3,0,6.159974125841098
University Pl & E 14 St,2025-05-15,5,3,0,6.1429714664125585
W 21 St & 6 Ave,2025-05-15,5,3,0,4.5151334076139245
1 Ave & E 68 St,2025-05-15,6,3,0,3.1587844196434185
6 Ave & W 33 St,2025-05-15,6,3,0,6.1440305745872505
Broadway & W 58 St,2025-05-15,6,3,0,6.140307896176218
University Pl & E 14 St,2025-05-15,6,3,0,6.20349847159116
W 21 St & 6 Ave,2025-05-15,6,3,0,5.9424961609551294
1 Ave & E 68 St,2025-05-15,7,3,0,4.5151334076139245
6 Ave & W 33 St,2025-05-15,7,3,0,6.468861491488151
Broadway & W 58 St,2025-05-15,7,3,0,6.1440305745872505
University Pl & E 14 St,2025-05-15,7,3,0,6.098893998517858
W 21 St & 6 Ave,2025-05-15,7,3,0,6.587392713355651
1 Ave & E 68 St,2025-05-15,8,3,0,5.9424961609551294
6 Ave & W 33 St,2025-05-15,8,3,0,6.522346558336541
Broadway & W 58 St,2025-05-15,8,3,0,6.468861491488151
University Pl & E 14 St,2025-05-15,8,3,0,6.094068321718079
W 21 St & 6 Ave,2025-05-15,8,3,0,7.179017517430401
1 Ave & E 68 St,2025-05-15,9,3,0,6.587392713355651
6 Ave & W 33 St,2025-05-15,9,3,0,6.937469393810856
Broadway & W 58 St,2025-05-15,9,3,0,6.522346558336541
University Pl & E 14 St,2025-05-15,9,3,0,6.153316111608284
W 21 St & 6 Ave,2025-05-15,9,3,0,7.852605268405943
1 Ave & E 68 St,2025-05-15,10,3,0,7.179017517430401
6 Ave & W 33 St,2025-05-15,10,3,0,7.503835841167079
Broadway & W 58 St,2025-05-15,10,3,0,6.937469393810856
University Pl & E 14 St,2025-05-15,10,3,0,6.197515641435641
W 21 St & 6 Ave,2025-05-15,10,3,0,8.868237341211781
1 Ave & E 68 St,2025-05-15,11,3,0,7.852605268405943
6 Ave & W 33 St,2025-05-15,11,3,0,7.68927210967813
Broadway & W 58 St,2025-05-15,11,3,0,7.503835841167079
University Pl & E 14 St,2025-05-15,11,3,0,6.197515641435641
W 21 St & 6 Ave,2025-05-15,11,3,0,9.317143622201847
1 Ave & E 68 St,2025-05-15,12,3,0,8.868237341211781
6 Ave & W 33 St,2025-05-15,12,3,0,7.96851263357997
Broadway & W 58 St,2025-05-15,12,3,0,7.68927210967813
University Pl & E 14 St,2025-05-15,12,3,0,6.204166723493228
W 21 St & 6 Ave,2025-05-15,12,3,0,10.162910701523563
1 Ave & E 68 St,2025-05-15,13,3,0,9.317143622201847
6 Ave & W 33 St,2025-05-15,13,3,0,7.531677372135582
Broadway & W 58 St,2025-05-15,13,3,0,7.96851263357997
University Pl & E 14 St,2025-05-15,13,3,0,6.315109321784202
W 21 St & 6 Ave,2025-05-15,13,3,0,10.459409230469696
1 Ave & E 68 St,2025-05-15,14,3,0,10.162910701523563
6 Ave & W 33 St,2025-05-15,14,3,0,7.496557504514991
Broadway & W 58 St,2025-05-15,14,3,0,7.531677372135582
University Pl & E 14 St,2025-05-15,14,3,0,6.315109321784202
W 21 St & 6 Ave,2025-05-15,14,3,0,10.573656249103262
1 Ave & E 68 St,2025-05-15,15,3,0,10.459409230469696
6 Ave & W 33 St,2025-05-15,15,3,0,7.138404085431037
Broadway & W 58 St,2025-05-15,15,3,0,7.496557504514991
University Pl & E 14 St,2025-05-15,15,3,0,6.315109321784202
W 21 St & 6 Ave,2025-05-15,15,3,0,11.179085790369625
1 Ave & E 68 St,2025-05-15,16,3,0,10.573656249103262
6 Ave & W 33 St,2025-05-15,16,3,0,6.738829050520923
Broadway & W 58 St,2025-05-15,16,3,0,7.138404085431037
University Pl & E 14 St,2025-05-15,16,3,0,6.274138609721065
W 21 St & 6 Ave,2025-05-15,16,3,0,9.656975233458919
1 Ave & E 68 St,2025-05-15,17,3,0,11.179085790369625
6 Ave & W 33 St,2025-05-15,17,3,0,6.587336535366272
Broadway & W 58 St,2025-05-15,17,3,0,6.738829050520923
University Pl & E 14 St,2025-05-15,17,3,0,6.26514706891503
W 21 St & 6 Ave,2025-05-15,17,3,0,8.372645518695965
1 Ave & E 68 St,2025-05-15,18,3,0,9.656975233458919
6 Ave & W 33 St,2025-05-15,18,3,0,6.453649772187266
Broadway & W 58 St,2025-05-15,18,3,0,6.587336535366272
University Pl & E 14 St,2025-05-15,18,3,0,6.26514706891503
W 21 St & 6 Ave,2025-05-15,18,3,0,6.043967198691933
1 Ave & E 68 St,2025-05-15,19,3,0,8.372645518695965
6 Ave & W 33 St,2025-05-15,19,3,0,6.143326303530027
Broadway & W 58 St,2025-05-15,19,3,0,6.453649772187266
University Pl & E 14 St,2025-05-15,19,3,0,6.26514706891503
W 21 St & 6 Ave,2025-05-15,19,3,0,4.2789437393254754
1 Ave & E 68 St,2025-05-15,20,3,0,6.043967198691933
6 Ave & W 33 St,2025-05-15,20,3,0,6.105697315080346
Broadway & W 58 St,2025-05-15,20,3,0,6.143326303530027
University Pl & E 14 St,2025-05-15,20,3,0,6.154204470624056
W 21 St & 6 Ave,2025-05-15,20,3,0,3.1793318408264395
1 Ave & E 68 St,2025-05-15,21,3,0,4.2789437393254754
6 Ave & W 33 St,2025-05-15,21,3,0,6.1617378044551385
Broadway & W 58 St,2025-05-15,21,3,0,6.105697315080346
University Pl & E 14 St,2025-05-15,21,3,0,6.154204470624056
W 21 St & 6 Ave,2025-05-15,21,3,0,2.5368110455536304
1 Ave & E 68 St,2025-05-15,22,3,0,3.1793318408264395
6 Ave & W 33 St,2025-05-15,22,3,0,6.1617378044551385
Broadway & W 58 St,2025-05-15,22,3,0,6.1617378044551385
University Pl & E 14 St,2025-05-15,22,3,0,6.154204470624056
W 21 St & 6 Ave,2025-05-15,22,3,0,2.835439888985933
1 Ave & E 68 St,2025-05-15,23,3,0,2.5368110455536304
6 Ave & W 33 St,2025-05-15,23,3,0,6.1617378044551385
Broadway & W 58 St,2025-05-15,23,3,0,6.1617378044551385
University Pl & E 14 St,2025-05-15,23,3,0,6.154204470624056
W 21 St & 6 Ave,2025-05-15,23,3,0,3.1587844196434185
1 Ave & E 68 St,2025-05-16,0,4,0,2.674990126628975
6 Ave & W 33 St,2025-05-16,0,4,0,5.961813060266009
Broadway & W 58 St,2025-05-16,0,4,0,5.9411543194956105
University Pl & E 14 St,2025-05-16,0,4,0,5.958447029407709
W 21 St & 6 Ave,2025-05-16,0,4,0,4.28230869153784
1 Ave & E 68 St,2025-05-16,1,4,0,2.9818957641629202
6 Ave & W 33 St,2025-05-16,1,4,0,6.0027837723291455
Broadway & W 58 St,2025-05-16,1,4,0,5.961813060266009
University Pl & E 14 St,2025-05-16,1,4,0,5.958447029407709
W 21 St & 6 Ave,2025-05-16,1,4,0,5.134822207067782
1 Ave & E 68 St,2025-05-16,2,4,0,4.28230869153784
6 Ave & W 33 St,2025-05-16,2,4,0,5.928272766427502
Broadway & W 58 St,2025-05-16,2,4,0,6.0027837723291455
University Pl & E 14 St,2025-05-16,2,4,0,5.958447029407709
W 21 St & 6 Ave,2025-05-16,2,4,0,6.02431830682806
1 Ave & E 68 St,2025-05-16,3,4,0,5.134822207067782
6 Ave & W 33 St,2025-05-16,3,4,0,6.254826972444735
Broadway & W 58 St,2025-05-16,3,4,0,5.928272766427502
University Pl & E 14 St,2025-05-16,3,4,0,5.958447029407709
W 21 St & 6 Ave,2025-05-16,3,4,0,6.7358017621816595
1 Ave & E 68 St,2025-05-16,4,4,0,6.02431830682806
6 Ave & W 33 St,2025-05-16,4,4,0,6.244934293798209
Broadway & W 58 St,2025-05-16,4,4,0,6.254826972444735
University Pl & E 14 St,2025-05-16,4,4,0,5.958447029407709
W 21 St & 6 Ave,2025-05-16,4,4,0,7.695402652730175
1 Ave & E 68 St,2025-05-16,5,4,0,6.7358017621816595
6 Ave & W 33 St,2025-05-16,5,4,0,6.454928302744008
Broadway & W 58 St,2025-05-16,5,4,0,6.244934293798209
University Pl & E 14 St,2025-05-16,5,4,0,5.958447029407709
W 21 St & 6 Ave,2025-05-16,5,4,0,8.828403486453823
1 Ave & E 68 St,2025-05-16,6,4,0,7.695402652730175
6 Ave & W 33 St,2025-05-16,6,4,0,6.5812409574777
Broadway & W 58 St,2025-05-16,6,4,0,6.454928302744008
University Pl & E 14 St,2025-05-16,6,4,0,5.958447029407709
W 21 St & 6 Ave,2025-05-16,6,4,0,9.174351279960579
1 Ave & E 68 St,2025-05-16,7,4,0,8.828403486453823
6 Ave & W 33 St,2025-05-16,7,4,0,6.731357725605205
Broadway & W 58 St,2025-05-16,7,4,0,6.5812409574777
University Pl & E 14 St,2025-05-16,7,4,0,5.958447029407709
W 21 St & 6 Ave,2025-05-16,7,4,0,10.22886289535897
1 Ave & E 68 St,2025-05-16,8,4,0,9.174351279960579
6 Ave & W 33 St,2025-05-16,8,4,0,7.040997625066395
Broadway & W 58 St,2025-05-16,8,4,0,6.731357725605205
University Pl & E 14 St,2025-05-16,8,4,0,5.958447029407709
W 21 St & 6 Ave,2025-05-16,8,4,0,10.389059629298652
1 Ave & E 68 St,2025-05-16,9,4,0,10.22886289535897
6 Ave & W 33 St,2025-05-16,9,4,0,6.992570536051944
Broadway & W 58 St,2025-05-16,9,4,0,7.040997625066395
University Pl & E 14 St,2025-05-16,9,4,0,5.958447029407709
W 21 St & 6 Ave,2025-05-16,9,4,0,10.350265488084231
1 Ave & E 68 St,2025-05-16,10,4,0,10.389059629298652
6 Ave & W 33 St,2025-05-16,10,4,0,6.7030220060250025
Broadway & W 58 St,2025-05-16,10,4,0,6.992570536051944
University Pl & E 14 St,2025-05-16,10,4,0,5.958447029407709
W 21 St & 6 Ave,2025-05-16,10,4,0,10.49186991095874
1 Ave & E 68 St,2025-05-16,11,4,0,10.350265488084231
6 Ave & W 33 St,2025-05-16,11,4,0,6.475877729003746
Broadway & W 58 St,2025-05-16,11,4,0,6.7030220060250025
University Pl & E 14 St,2025-05-16,11,4,0,5.958447029407709
W 21 St & 6 Ave,2025-05-16,11,4,0,9.094097326803958
1 Ave & E 68 St,2025-05-16,12,4,0,10.49186991095874
6 Ave & W 33 St,2025-05-16,12,4,0,6.095482287435008
Broadway & W 58 St,2025-05-16,12,4,0,6.475877729003746
University Pl & E 14 St,2025-05-16,12,4,0,5.958447029407709
W 21 St & 6 Ave,2025-05-16,12,4,0,8.11674122868862
1 Ave & E 68 St,2025-05-16,13,4,0,9.094097326803958
6 Ave & W 33 St,2025-05-16,13,4,0,6.0693896276986825
Broadway & W 58 St,2025-05-16,13,4,0,6.095482287435008
University Pl & E 14 St,2025-05-16,13,4,0,5.958447029407709
W 21 St & 6 Ave,2025-05-16,13,4,0,6.040164706194412
1 Ave & E 68 St,2025-05-16,14,4,0,8.11674122868862
6 Ave & W 33 St,2025-05-16,14,4,0,6.152892174406362
Broadway & W 58 St,2025-05-16,14,4,0,6.0693896276986825
University Pl & E 14 St,2025-05-16,14,4,0,5.958447029407709
W 21 St & 6 Ave,2025-05-16,14,4,0,4.336674154227373
1 Ave & E 68 St,2025-05-16,15,4,0,6.040164706194412
6 Ave & W 33 St,2025-05-16,15,4,0,6.021949209171987
Broadway & W 58 St,2025-05-16,15,4,0,6.152892174406362
University Pl & E 14 St,2025-05-16,15,4,0,5.958447029407709
W 21 St & 6 Ave,2025-05-16,15,4,0,3.175751350707239
1 Ave & E 68 St,2025-05-16,16,4,0,4.336674154227373
6 Ave & W 33 St,2025-05-16,16,4,0,6.021949209171987
Broadway & W 58 St,2025-05-16,16,4,0,6.021949209171987
University Pl & E 14 St,2025-05-16,16,4,0,5.958447029407709
W 21 St & 6 Ave,2025-05-16,16,4,0,2.505905342705931
1 Ave & E 68 St,2025-05-16,17,4,0,3.175751350707239
6 Ave & W 33 St,2025-05-16,17,4,0,5.9684641423235965
Broadway & W 58 St,2025-05-16,17,4,0,6.021949209171987
University Pl & E 14 St,2025-05-16,17,4,0,5.958447029407709
W 21 St & 6 Ave,2025-05-16,17,4,0,2.6715582015641797
1 Ave & E 68 St,2025-05-16,18,4,0,2.505905342705931
6 Ave & W 33 St,2025-05-16,18,4,0,5.9684641423235965
Broadway & W 58 St,2025-05-16,18,4,0,5.9684641423235965
University Pl & E 14 St,2025-05-16,18,4,0,5.958447029407709
W 21 St & 6 Ave,2025-05-16,18,4,0,2.9818957641629202
1 Ave & E 68 St,2025-05-16,19,4,0,2.6715582015641797
6 Ave & W 33 St,2025-05-16,19,4,0,5.87831051355833
Broadway & W 58 St,2025-05-16,19,4,0,5.9684641423235965
University Pl & E 14 St,2025-05-16,19,4,0,5.958447029407709
W 21 St & 6 Ave,2025-05-16,19,4,0,3.9882117567045348
1 Ave & E 68 St,2025-05-16,20,4,0,2.9818957641629202
6 Ave & W 33 St,2025-05-16,20,4,0,5.8983108805017315
Broadway & W 58 St,2025-05-16,20,4,0,5.87831051355833
University Pl & E 14 St,2025-05-16,20,4,0,5.958447029407709
W 21 St & 6 Ave,2025-05-16,20,4,0,5.136532706797533
1 Ave & E 68 St,2025-05-16,21,4,0,3.9882117567045348
6 Ave & W 33 St,2025-05-16,21,4,0,5.8983108805017315
Broadway & W 58 St,2025-05-16,21,4,0,5.8983108805017315
University Pl & E 14 St,2025-05-16,21,4,0,5.958447029407709
W 21 St & 6 Ave,2025-05-16,21,4,0,6.0884416626974165
1 Ave & E 68 St,2025-05-16,22,4,0,5.136532706797533
6 Ave & W 33 St,2025-05-16,22,4,0,5.951795947350122
Broadway & W 58 St,2025-05-16,22,4,0,5.8983108805017315
University Pl & E 14 St,2025-05-16,22,4,0,5.958447029407709
W 21 St & 6 Ave,2025-05-16,22,4,0,6.760372602957159
1 Ave & E 68 St,2025-05-16,23,4,0,6.0884416626974165
6 Ave & W 33 St,2025-05-16,23,4,0,5.992766659413258
Broadway & W 58 St,2025-05-16,23,4,0,5.951795947350122
University Pl & E 14 St,2025-05-16,23,4,0,5.958447029407709
W 21 St & 6 Ave,2025-05-16,23,4,0,7.594817642402961
1 Ave & E 68 St,2025-05-17,0,5,1,6.64563631460815
6 Ave & W 33 St,2025-05-17,0,5,1,5.525048248385255
Broadway & W 58 St,2025-05-17,0,5,1,5.509405625521633
University Pl & E 14 St,2025-05-17,0,5,1,5.475085995516084
W 21 St & 6 Ave,2025-05-17,0,5,1,9.230231956832222
1 Ave & E 68 St,2025-05-17,1,5,1,7.737592706866284
6 Ave & W 33 St,2025-05-17,1,5,1,5.525048248385255
Broadway & W 58 St,2025-05-17,1,5,1,5.525048248385255
University Pl & E 14 St,2025-05-17,1,5,1,5.151265502091261
W 21 St & 6 Ave,2025-05-17,1,5,1,9.296112434337145
1 Ave & E 68 St,2025-05-17,2,5,1,9.230231956832222
6 Ave & W 33 St,2025-05-17,2,5,1,5.525048248385255
Broadway & W 58 St,2025-05-17,2,5,1,5.525048248385255
University Pl & E 14 St,2025-05-17,2,5,1,5.048414975998524
W 21 St & 6 Ave,2025-05-17,2,5,1,10.536891387879045
1 Ave & E 68 St,2025-05-17,3,5,1,9.296112434337145
6 Ave & W 33 St,2025-05-17,3,5,1,5.635990846676229
Broadway & W 58 St,2025-05-17,3,5,1,5.525048248385255
University Pl & E 14 St,2025-05-17,3,5,1,5.072689253731843
W 21 St & 6 Ave,2025-05-17,3,5,1,10.531867647756918
1 Ave & E 68 St,2025-05-17,4,5,1,10.536891387879045
6 Ave & W 33 St,2025-05-17,4,5,1,5.595020134613093
Broadway & W 58 St,2025-05-17,4,5,1,5.635990846676229
University Pl & E 14 St,2025-05-17,4,5,1,5.072689253731843
W 21 St & 6 Ave,2025-05-17,4,5,1,10.868761025111272
1 Ave & E 68 St,2025-05-17,5,5,1,10.531867647756918
6 Ave & W 33 St,2025-05-17,5,5,1,5.5860285938070575
Broadway & W 58 St,2025-05-17,5,5,1,5.595020134613093
University Pl & E 14 St,2025-05-17,5,5,1,5.072689253731843
W 21 St & 6 Ave,2025-05-17,5,5,1,10.839787676044564
1 Ave & E 68 St,2025-05-17,6,5,1,10.868761025111272
6 Ave & W 33 St,2025-05-17,6,5,1,5.5860285938070575
Broadway & W 58 St,2025-05-17,6,5,1,5.5860285938070575
University Pl & E 14 St,2025-05-17,6,5,1,5.072689253731843
W 21 St & 6 Ave,2025-05-17,6,5,1,8.442924160113312
1 Ave & E 68 St,2025-05-17,7,5,1,10.839787676044564
6 Ave & W 33 St,2025-05-17,7,5,1,5.5860285938070575
Broadway & W 58 St,2025-05-17,7,5,1,5.5860285938070575
University Pl & E 14 St,2025-05-17,7,5,1,5.072689253731843
W 21 St & 6 Ave,2025-05-17,7,5,1,7.545480156224789
